Key,Value
CellProfiler_Version,3.1.9
ChannelType_Evan,Grayscale
ChannelType_FitC,Grayscale
ChannelType_Hoechst,Grayscale
ChannelType_illuEvan,Grayscale
ChannelType_illuFitC,Grayscale
ChannelType_illuHoechst,Grayscale
ImageSet_Zip_Dictionary,PD94bWwgdmVyc2lvbj0iMS4wIiBlbmNvZGluZz0iVVRGLTgiPz48T01FIHhtbG5zPSJodHRwOi8vd3d3Lm9wZW5taWNyb3Njb3B5Lm9yZy9TY2hlbWFzL09NRS8yMDE2LTA2Ij48SW1hZ2UgSUQ9IkZpdEMiPjxQaXhlbHMgRGltZW5zaW9uT3JkZXI9IlhZQ1pUIiBJRD0iUGl4ZWxzOkZpdEMiIFNpemVUPSIxIiBTaXplWD0iMSIgU2l6ZVk9IjEiPjxUaWZmRGF0YSBGaXJzdEM9IjAiIEZpcnN0VD0iMCIgRmlyc3RaPSIwIiBJRkQ9IjAiIFBsYW5lQ291bnQ9IjEiPjxVVUlEIEZpbGVOYW1lPSJmaWxlOi9tbnQvaW1nL2V4dF9oZGRfMS9FbmhhbmNlX2ltYWdlL1JlcF8xL1BsYXRlXzAzL1NjcmFtYmxlLzAwMTAwMy0xLTAwMTAwMTAwMS50aWYiLz48L1RpZmZEYXRhPjxQbGFuZSBUaGVDPSIwIiBUaGVUPSIwIiBUaGVaPSIwIi8+PC9QaXhlbHM+PC9JbWFnZT48SW1hZ2UgSUQ9IkhvZWNoc3QiPjxQaXhlbHMgRGltZW5zaW9uT3JkZXI9IlhZQ1pUIiBJRD0iUGl4ZWxzOkhvZWNoc3QiIFNpemVUPSIxIiBTaXplWD0iMSIgU2l6ZVk9IjEiPjxUaWZmRGF0YSBGaXJzdEM9IjAiIEZpcnN0VD0iMCIgRmlyc3RaPSIwIiBJRkQ9IjAiIFBsYW5lQ291bnQ9IjEiPjxVVUlEIEZpbGVOYW1lPSJmaWxlOi9tbnQvaW1nL2V4dF9oZGRfMS9FbmhhbmNlX2ltYWdlL1JlcF8xL1BsYXRlXzAzL1NjcmFtYmxlLzAwMTAtMS0wMDEwMDEwMDIudGlmIi8+PC9UaWZmRGF0YT48UGxhbmUgVGhlQz0iMCIgVGhlVD0iMCIgVGhlWj0iMCIvPjwvUGl4ZWxzPjwvSW1hZ2U+PEltYWdlIElEPSJFdmFuIj48UGl4ZWxzIERpbWVuc2lvbk9yZGVyPSJYWUNaVCIgSUQ9IlBpeGVsczpFdmFuIiBTaXplVD0iMSIgU2l6ZVg9IjEiIFNpemVZPSIxIj48VGlmZkRhdGEgRmlyc3RDPSIwIiBGaXJzdFQ9IjAiIEZpcnN0Wj0iMCIgSUZEPSIwIiBQbGFuZUNvdW50PSIxIj48VVVJRCBGaWxlTmFtZT0iZmlsZTovbW50L2ltZy9leHRfaGRkXzEvRW5oYW5jZV9pbWFnZS9SZXBfMS9QbGF0ZV8wMy9TY3JhbWJsZS8wMDEwMDMtLTAwMTAwMTBpZiIvPjwvVGlmZkRhdGE+PFBsYW5lIFRoZUM9IjAiIFRoZVQ9IjAiIFRoZVo9IjAiLz48L1BpeGVscz48L0ltYWdlPjxJbWFnZSBJRD0iaWxsdXZhbiI+PFBpeGVscyBEaW1lbnNpb25PcmRlcj0iWFlDWlQiIElEPSJQaXhlbHM6aWxsdUV2YW4iIFNpemVUPSIxIiBTaXplWD0iMSIgU2l6ZVk9IjEiPjxUaWZmRGF0YSBGaXJzdEM9IjAiIEZpcnN0VD0iMCIgRmlyc3RaPSIwIiBJRkQ9IjAiIFBsYW5lQ291bnQ9IjEiPjxVVUlEIEZpbGVOYW1lPSJmaWxlOi9tbnQvaW1nL3NhdGFfc3NkL0NlbGxwcm9maWxlcl9Eb2NrZXJzL0NlbGxwcm9maWxlci9JbGx1bUNvcnIvSWxsdW0ubWF0Ii8+PC9UaWZmRGF0YT48UGxhbmUgVGhlQz0iMCIgVGhlVD0iMCIgVGhlWj0iMCIvPjwvUGl4ZWxzPjwvSW1hZ2U+PEltYWdlIElEPSJpbGx1dENpbGx1Rml0QyJhdD48UGxhbmUgVGhlQz0iMCIgVGhlVD0iMCJaPSIwIi8+PC9QeD48L21hSW1hZ2UgSUhvZWNoc3Q+PFBpeGVscyBUIiBJaWxsdUhvZWNoc3QiIFNpemU9IjEiIFNpemVYPSIxIlk9IjEiPjxUaWZmRGF0YSBGaXJzdEM9IjAiIEZpcnN0VD0iMCIgWj0iMCJEPSJQbGE9IjFVSUQgRmltZWZpbGU6bnRnZGVsbHJvaWxvZXJzL0NlbGxwcm9maWxlci9JbGx1bUNvci9JTzw/eG1sIHZlcnNpb249IjEuMCIgZW5jb2Rpbmc9IlVURi04Ij8+PE9NRSB4bWxucz0iaHR0cDovL3d3dy5vcGVubWljcm9zY29weS5vcmcvU2NoZW1hcy9PTUUvMjAxNi0wNiI+PEltYWdlIElEPSJGaXRDIj48UGl4ZWxzIERpbWVuc2lvbk9yZGVyPSJYWUNaVCIgSUQ9IlBpeGVsczpGaXRDIiBTaXplVD0iMSIgU2l6ZVg9IjEiIFNpemVZPSIxIj48VGlmZkRhdGEgRmlyc3RDPSIwIiBGaXJzdFQ9IjAiIEZpcnN0Wj0iMCIgSUZEPSIwIiBQbGFuZUNvdW50PSIxIj48VVVJRCBGaWxlTmFtZT0iZmlsZTovbW50L2ltZy9leHRfaGRkXzEvRW5oYW5jZV9pbWFnZS9SZXBfMS9QbGF0ZV8wMy9TY3JhbWJsZS8wMDEwMjItNS0wMDEwMDEwMDEudGlmIi8+PC9UaWZmRGF0YT48UGxhbmUgVGhlQz0iMCIgVGhlVD0iMCIgVGhlWj0iMCIvPjwvUGl4ZWxzPjwvSW1hZ2U+PEltYWdlIElEPSJIb2VjaHN0Ij48UGl4ZWxzIERpbWVuc2lvbk9yZGVyPSJYWUNaVCIgSUQ9IlBpeGVsczpIb2VjaHN0IiBTaXplVD0iMSIgU2l6ZVg9IjEiIFNpemVZPSIxIj48VGlmZkRhdGEgRmlyc3RDPSIwIiBGaXJzdFQ9IjAiIEZpcnN0Wj0iMCIgSUZEPSIwIiBQbGFuZUNvdW50PSIxIj48VVVJRCBGaWxlTmFtZT0iZmlsZTovbW50L2ltZy9leHRfaGRkXzEvRW5oYW5jZV9pbWFnZS9SZXBfMS9QbGF0ZV8wMy9TY3JhbWJsZS8wMC01LTAwMTAwMTAwMi50aWYiLz48L1RpZmZEYXRhPjxQbGFuZSBUaGVDPSIwIiBUaGVUPSIwIiBUaGVaPSIwIi8+PC9QaXhlbHM+PC9JbWFnZT48SW1hZ2UgSUQ9IkV2YW4iPjxQaXhlbHMgRGltZW5zaW9uT3JkZXI9IlhZQ1pUIiBJRD0iUGl4ZWxzOkV2YW4iIFNpemVUPSIxIiBTaXplWD0iMSIgU2l6ZVk9IjEiPjxUaWZmRGF0YSBGaXJzdEM9IjAiIEZpcnN0VD0iMCIgRmlyc3RaPSIwIiBJRkQ9IjAiIFBsYW5lQ291bnQ9IjEiPjxVVUlEIEZpbGVOYW1lPSJmaWxlOi9tbnQvaW1nL2V4dF9oZGRfMS9FbmhhbmNlX2ltYWdlL1JlcF8xL1BsYXRlXzAzL1NjcmFtYmxlLzAwMjw/eG1sIHZlcnNpb249IjEuMCIgZW5jb2Rpbmc9IlVURi04Ij8+PE9NRSB4bWxucz0iaHR0cDovL3d3dy5vcGVubWljcm9zY29weS5vcmcvU2NoZW1hcy9PTUUvMjAxNi0wNiI+PEltYWdlIElEPSJGaXRDIj48UGl4ZWxzIERpbWVuc2lvbk9yZGVyPSJYWUNaVCIgSUQ9IlBpeGVsczpGaXRDIiBTaXplVD0iMSIgU2l6ZVg9IjEiIFNpemVZPSIxIj48VGlmZkRhdGEgRmlyc3RDPSIwIiBGaXJzdFQ9IjAiIEZpcnN0Wj0iMCIgSUZEPSIwIiBQbGFuZUNvdW50PSIxIj48VVVJRCBGaWxlTmFtZT0iZmlsZTovbW50L2ltZy9leHRfaGRkXzEvRW5oYW5jZV9pbWFnZS9SZXBfMS9QbGF0ZV8wMy9TY3JhbWJsZS8wMDgwMjQtMS0wMDEwMDEwMDEudGlmIi8+PC9UaWZmRGF0YT48UGxhbmUgVGhlQz0iMCIgVGhlVD0iMCIgVGhlWj0iMCIvPjwvUGl4ZWxzPjwvSW1hZ2U+PEltYWdlIElEPSJIb2VjaHN0Ij48UGl4ZWxzIERpbWVuc2lvbk9yZGVyPSJYWUNaVCIgSUQ9IlBpeGVsczpIb2VjaHN0IiBTaXplVD0iMSIgU2l6ZVg9IjEiIFNpemVZPSIxIj48VGlmZkRhdGEgRmlyc3RDPSIwIiBGaXJzdFQ9IjAiIEZpcnN0Wj0iMCIgSUZEPSIwIiBQbGFuZUNvdW50PSIxIj48VVVJRCBGaWxlTmFtZT0iZmlsZTovbW50L2ltZy9leHRfaGRkXzEvRW5oYW5jZV9pbWFnZS9SZXBfMS9QbGF0ZV8wMy9TY3JhbWJsZS8wLTAwMTAwMTAwMi50aWYiLz48L1RpZmZEYXRhPjxQbGFuZSBUaGVDPSIwIiBUaGVUPSIwIiBUaGVaPSIwIi8+PC9QaXhlbHM+PC9JbWFnZT48SW1hZ2UgSUQ9IkV2YW4iPjxQaXhlbHMgRGltZW5zaW9uT3JkZXI9IlhZQ1pUIiBJRD0iUGl4ZWxzOkV2YW4iIFNpemVUPSIxIiBTaXplWD0iMSIgU2l6ZVk9IjEiPjxUaWZmRGF0YSBGaXJzdEM9IjAiIEZpcnN0VD0iMCIgRmlyc3RaPSIwIiBJRkQ9IjAiIFBsYW5lQ291bnQ9IjEiPjxVVUlEIEZpbGVOYW1lPSJmaWxlOi9tbnQvaW1nL2V4dF9oZGRfMS9FbmhhbmNlX2ltYWdlL1JlcF8xL1BsYXRlXzAzL1NjcmFtYmxlLzB4bWxzaW9uMS4wImVuY29GOD9PTUVuc3A6L3d3Lm9waW9yZy9TY2gvT01FLTYiPjxGaXRDIj48UGl4ZWxzIERpbWVuc2lvbk9yZGVyPSJYWUNaVCIgSUQ9IlBpeGVsczpGaXRDIiBTaXplVD0iMSIgU2l6ZVg9IjEiIFNpemVZPSIxIj48VGlmZkRhdGEgRmlyc3RDPSIwIiBGaXJzdFQ9IjAiIEZpcnN0Wj0iMCIgSUZEPSIwIiBQbGFuZUNvdW50PSIxIj48VVVJRCBGaWxlTmFtZT0iZmlsZTovbW50L2ltZy9leHRfaGRkXzEvRW5oYW5jZV9pbWFnZS9SZXBfMS9QbGF0ZV8wMy9TY3JhbWJsZS8wMTEwMDMtNS0wMDEwMDEwMDFIb2VjaHN0Ij48UGl4ZWxzIERpbWVuc2lvbk9yZGVyPSJYWUNaVCIgSUQ9IlBpeGVsczpIb2VjaHN0IiBTaXplVD0iMSIgU2l6ZVg9IjEiIFNpemVZPSIxIj48VGlmZkRhdGEgRmlyc3RDPSIwIiBGaXJzdFQ9IjAiIEZpcnN0Wj0iMCIgSUZEPSIwIiBQbGFuZUNvdW50PSIxIj48VVVJRCBGaWxlTmFtZT0iZmlsZTovbW50L2ltZy8wMi50aWYiLz48L1RpZmZEYXRhPjxQbGFuZSBUaGVDPSIwIiBUaGVUPSIwIiBUaGVaPSIwIi8+PC9QaXhlbHM+PC9JbWFnZT48SW1hZ2UgSUQ9IkV2YW4iPjxQaXhlbHMgRGltZW5zaW9uT3JkZXI9IlhZQ1pUIiBJRD0iUGl4ZWxzOkV2YW4iIFNpemVUPSIxIiBTaXplWD0iMSIgU2l6ZVk9IjEiPjxUaWZmRGF0YSBGaXJzdEM9IjAiIEZpcnN0VD0iMCIgRmlyc3RaPSIwIiBJRkQ9IjAiIFBsYW5lQ291bnQ9IjEiPjxVVUlEIEZpbGVOYW1lPSJmaWxlOi9tbnQvaW1nL18xL2huY2ltZV9TY3JhbWxlLzEwMDM=
Metadata_Tags,"[""ImageNumber""]"
Pipeline_Pipeline,"CellProfiler Pipeline: http://www.cellprofiler.org
Version:4
DateRevision:319
GitHash:
ModuleCount:30
HasImagePlaneDetails:False

Images:[module_num:1|svn_version:\'Unknown\'|variable_revision_number:2|show_window:False|notes:\x5B\'To begin creating your project, use the Images module to compile a list of files and/or folders that you want to analyze. You can also specify a set of rules to include only the desired files in your selected folders.\'\x5D|batch_state:array(\x5B\x5D, dtype=uint8)|enabled:True|wants_pause:False]
    :\xff\xfe
    Filter images?:\xff\xfeI\x00m\x00a\x00g\x00e\x00s\x00 \x00o\x00n\x00l\x00y\x00
    Select the rule criteria:\xff\xfea\x00n\x00d\x00 \x00(\x00e\x00x\x00t\x00e\x00n\x00s\x00i\x00o\x00n\x00 \x00d\x00o\x00e\x00s\x00 \x00i\x00s\x00i\x00m\x00a\x00g\x00e\x00)\x00 \x00(\x00d\x00i\x00r\x00e\x00c\x00t\x00o\x00r\x00y\x00 \x00d\x00o\x00e\x00s\x00n\x00o\x00t\x00 \x00c\x00o\x00n\x00t\x00a\x00i\x00n\x00r\x00e\x00g\x00e\x00x\x00p\x00 \x00""\x00\x5B\x00\\\x00\\\x00\\\x00\\\x00/\x00\x5D\x00\\\x00\\\x00.\x00""\x00)\x00

Metadata:[module_num:2|svn_version:\'Unknown\'|variable_revision_number:5|show_window:False|notes:\x5B\'The Metadata module optionally allows you to extract information describing your images (i.e, metadata) which will be stored along with your measurements. This information can be contained in the file name and/or location, or in an external file.\'\x5D|batch_state:array(\x5B\x5D, dtype=uint8)|enabled:True|wants_pause:False]
    Extract metadata?:\xff\xfeY\x00e\x00s\x00
    Metadata data type:\xff\xfeT\x00e\x00x\x00t\x00
    Metadata types:\xff\xfe{\x00}\x00
    Extraction method count:\xff\xfe1\x00
    Metadata extraction method:\xff\xfeE\x00x\x00t\x00r\x00a\x00c\x00t\x00 \x00f\x00r\x00o\x00m\x00 \x00f\x00i\x00l\x00e\x00/\x00f\x00o\x00l\x00d\x00e\x00r\x00 \x00n\x00a\x00m\x00e\x00s\x00
    Metadata source:\xff\xfeF\x00i\x00l\x00e\x00 \x00n\x00a\x00m\x00e\x00
    Regular expression to extract from file name:\xff\xfe(\x00?\x00P\x00<\x00R\x00o\x00w\x00>\x00\x5B\x000\x00-\x009\x00\x5D\x00{\x003\x00}\x00)\x00(\x00?\x00P\x00<\x00C\x00o\x00l\x00u\x00m\x00n\x00>\x00\x5B\x000\x00-\x009\x00\x5D\x00{\x003\x00}\x00)\x00-\x00(\x00?\x00P\x00<\x00F\x00i\x00e\x00l\x00d\x00>\x00\x5B\x000\x00-\x009\x00\x5D\x00.\x00*\x00)\x00-\x00(\x00?\x00P\x00<\x00T\x00i\x00m\x00e\x00>\x00\x5B\x000\x00-\x009\x00\x5D\x00{\x003\x00}\x00)\x00(\x00?\x00P\x00<\x00P\x00l\x00a\x00n\x00e\x00>\x00\x5B\x000\x00-\x009\x00\x5D\x00{\x003\x00}\x00)\x00(\x00?\x00P\x00<\x00C\x00h\x00a\x00n\x00n\x00e\x00l\x00>\x00\x5B\x000\x00-\x009\x00\x5D\x00{\x003\x00}\x00)\x00
    Regular expression to extract from folder name:\xff\xfe(\x00?\x00P\x00<\x00D\x00a\x00t\x00e\x00>\x00\x5B\x000\x00-\x009\x00\x5D\x00{\x004\x00}\x00_\x00\x5B\x000\x00-\x009\x00\x5D\x00{\x002\x00}\x00_\x00\x5B\x000\x00-\x009\x00\x5D\x00{\x002\x00}\x00)\x00$\x00
    Extract metadata from:\xff\xfeA\x00l\x00l\x00 \x00i\x00m\x00a\x00g\x00e\x00s\x00
    Select the filtering criteria:\xff\xfea\x00n\x00d\x00 \x00(\x00f\x00i\x00l\x00e\x00 \x00d\x00o\x00e\x00s\x00 \x00c\x00o\x00n\x00t\x00a\x00i\x00n\x00 \x00""\x00""\x00)\x00
    Metadata file location:\xff\xfeE\x00l\x00s\x00e\x00w\x00h\x00e\x00r\x00e\x00.\x00.\x00.\x00\x7C\x00
    Match file and image metadata:\xff\xfe\x5B\x00\x5D\x00
    Use case insensitive matching?:\xff\xfeN\x00o\x00
    Metadata file name:\xff\xfeN\x00o\x00n\x00e\x00

NamesAndTypes:[module_num:3|svn_version:\'Unknown\'|variable_revision_number:8|show_window:False|notes:\x5B\'The NamesAndTypes module allows you to assign a meaningful name to each image by which other modules will refer to it.\'\x5D|batch_state:array(\x5B\x5D, dtype=uint8)|enabled:True|wants_pause:False]
    Assign a name to:\xff\xfeI\x00m\x00a\x00g\x00e\x00s\x00 \x00m\x00a\x00t\x00c\x00h\x00i\x00n\x00g\x00 \x00r\x00u\x00l\x00e\x00s\x00
    Select the image type:\xff\xfeG\x00r\x00a\x00y\x00s\x00c\x00a\x00l\x00e\x00 \x00i\x00m\x00a\x00g\x00e\x00
    Name to assign these images:\xff\xfeD\x00N\x00A\x00
    Match metadata:\xff\xfe\x5B\x00\x5D\x00
    Image set matching method:\xff\xfeO\x00r\x00d\x00e\x00r\x00
    Set intensity range from:\xff\xfeI\x00m\x00a\x00g\x00e\x00 \x00m\x00e\x00t\x00a\x00d\x00a\x00t\x00a\x00
    Assignments count:\xff\xfe3\x00
    Single images count:\xff\xfe3\x00
    Maximum intensity:\xff\xfe2\x005\x005\x00.\x000\x00
    Process as 3D?:\xff\xfeN\x00o\x00
    Relative pixel spacing in X:\xff\xfe1\x00.\x000\x00
    Relative pixel spacing in Y:\xff\xfe1\x00.\x000\x00
    Relative pixel spacing in Z:\xff\xfe1\x00.\x000\x00
    Select the rule criteria:\xff\xfea\x00n\x00d\x00 \x00(\x00m\x00e\x00t\x00a\x00d\x00a\x00t\x00a\x00 \x00d\x00o\x00e\x00s\x00 \x00C\x00h\x00a\x00n\x00n\x00e\x00l\x00 \x00""\x000\x000\x001\x00""\x00)\x00
    Name to assign these images:\xff\xfeF\x00i\x00t\x00C\x00
    Name to assign these objects:\xff\xfeC\x00e\x00l\x00l\x00
    Select the image type:\xff\xfeG\x00r\x00a\x00y\x00s\x00c\x00a\x00l\x00e\x00 \x00i\x00m\x00a\x00g\x00e\x00
    Set intensity range from:\xff\xfeI\x00m\x00a\x00g\x00e\x00 \x00m\x00e\x00t\x00a\x00d\x00a\x00t\x00a\x00
    Maximum intensity:\xff\xfe2\x005\x005\x00.\x000\x00
    Select the rule criteria:\xff\xfea\x00n\x00d\x00 \x00(\x00m\x00e\x00t\x00a\x00d\x00a\x00t\x00a\x00 \x00d\x00o\x00e\x00s\x00 \x00C\x00h\x00a\x00n\x00n\x00e\x00l\x00 \x00""\x000\x000\x002\x00""\x00)\x00
    Name to assign these images:\xff\xfeH\x00o\x00e\x00c\x00h\x00s\x00t\x00
    Name to assign these objects:\xff\xfeN\x00u\x00c\x00l\x00e\x00u\x00s\x00
    Select the image type:\xff\xfeG\x00r\x00a\x00y\x00s\x00c\x00a\x00l\x00e\x00 \x00i\x00m\x00a\x00g\x00e\x00
    Set intensity range from:\xff\xfeI\x00m\x00a\x00g\x00e\x00 \x00m\x00e\x00t\x00a\x00d\x00a\x00t\x00a\x00
    Maximum intensity:\xff\xfe2\x005\x005\x00.\x000\x00
    Select the rule criteria:\xff\xfea\x00n\x00d\x00 \x00(\x00m\x00e\x00t\x00a\x00d\x00a\x00t\x00a\x00 \x00d\x00o\x00e\x00s\x00 \x00C\x00h\x00a\x00n\x00n\x00e\x00l\x00 \x00""\x000\x000\x003\x00""\x00)\x00
    Name to assign these images:\xff\xfeE\x00v\x00a\x00n\x00
    Name to assign these objects:\xff\xfeC\x00y\x00t\x00o\x00p\x00l\x00a\x00s\x00m\x00
    Select the image type:\xff\xfeG\x00r\x00a\x00y\x00s\x00c\x00a\x00l\x00e\x00 \x00i\x00m\x00a\x00g\x00e\x00
    Set intensity range from:\xff\xfeI\x00m\x00a\x00g\x00e\x00 \x00m\x00e\x00t\x00a\x00d\x00a\x00t\x00a\x00
    Maximum intensity:\xff\xfe2\x005\x005\x00.\x000\x00
    Single image location:\xff\xfef\x00i\x00l\x00e\x00\x3A\x00/\x00m\x00n\x00t\x00/\x00i\x00m\x00g\x00/\x00s\x00a\x00t\x00a\x00_\x00s\x00s\x00d\x00/\x00C\x00e\x00l\x00l\x00p\x00r\x00o\x00f\x00i\x00l\x00e\x00r\x00_\x00D\x00o\x00c\x00k\x00e\x00r\x00s\x00/\x00C\x00e\x00l\x00l\x00p\x00r\x00o\x00f\x00i\x00l\x00e\x00r\x00/\x00I\x00l\x00l\x00u\x00m\x00C\x00o\x00r\x00r\x00/\x00I\x00l\x00l\x00u\x00m\x00E\x00V\x00A\x00N\x00.\x00m\x00a\x00t\x00 \x00 \x00 \x00
    Name to assign this image:\xff\xfei\x00l\x00l\x00u\x00E\x00v\x00a\x00n\x00
    Name to assign these objects:\xff\xfeS\x00p\x00e\x00c\x00k\x00l\x00e\x00
    Select the image type:\xff\xfeG\x00r\x00a\x00y\x00s\x00c\x00a\x00l\x00e\x00 \x00i\x00m\x00a\x00g\x00e\x00
    Set intensity range from:\xff\xfeI\x00m\x00a\x00g\x00e\x00 \x00m\x00e\x00t\x00a\x00d\x00a\x00t\x00a\x00
    Maximum intensity:\xff\xfe2\x005\x005\x00.\x000\x00
    Single image location:\xff\xfef\x00i\x00l\x00e\x00\x3A\x00/\x00m\x00n\x00t\x00/\x00i\x00m\x00g\x00/\x00s\x00a\x00t\x00a\x00_\x00s\x00s\x00d\x00/\x00C\x00e\x00l\x00l\x00p\x00r\x00o\x00f\x00i\x00l\x00e\x00r\x00_\x00D\x00o\x00c\x00k\x00e\x00r\x00s\x00/\x00C\x00e\x00l\x00l\x00p\x00r\x00o\x00f\x00i\x00l\x00e\x00r\x00/\x00I\x00l\x00l\x00u\x00m\x00C\x00o\x00r\x00r\x00/\x00I\x00l\x00l\x00u\x00m\x00F\x00I\x00T\x00C\x00.\x00m\x00a\x00t\x00 \x00 \x00 \x00
    Name to assign this image:\xff\xfei\x00l\x00l\x00u\x00F\x00i\x00t\x00C\x00
    Name to assign these objects:\xff\xfeS\x00p\x00e\x00c\x00k\x00l\x00e\x00
    Select the image type:\xff\xfeG\x00r\x00a\x00y\x00s\x00c\x00a\x00l\x00e\x00 \x00i\x00m\x00a\x00g\x00e\x00
    Set intensity range from:\xff\xfeI\x00m\x00a\x00g\x00e\x00 \x00m\x00e\x00t\x00a\x00d\x00a\x00t\x00a\x00
    Maximum intensity:\xff\xfe2\x005\x005\x00.\x000\x00
    Single image location:\xff\xfef\x00i\x00l\x00e\x00\x3A\x00/\x00m\x00n\x00t\x00/\x00i\x00m\x00g\x00/\x00s\x00a\x00t\x00a\x00_\x00s\x00s\x00d\x00/\x00C\x00e\x00l\x00l\x00p\x00r\x00o\x00f\x00i\x00l\x00e\x00r\x00_\x00D\x00o\x00c\x00k\x00e\x00r\x00s\x00/\x00C\x00e\x00l\x00l\x00p\x00r\x00o\x00f\x00i\x00l\x00e\x00r\x00/\x00I\x00l\x00l\x00u\x00m\x00C\x00o\x00r\x00r\x00/\x00I\x00l\x00l\x00u\x00m\x00H\x00o\x00e\x00c\x00h\x00s\x00t\x00.\x00m\x00a\x00t\x00 \x00 \x00 \x00
    Name to assign this image:\xff\xfei\x00l\x00l\x00u\x00H\x00o\x00e\x00c\x00h\x00s\x00t\x00
    Name to assign these objects:\xff\xfeS\x00p\x00e\x00c\x00k\x00l\x00e\x00
    Select the image type:\xff\xfeG\x00r\x00a\x00y\x00s\x00c\x00a\x00l\x00e\x00 \x00i\x00m\x00a\x00g\x00e\x00
    Set intensity range from:\xff\xfeI\x00m\x00a\x00g\x00e\x00 \x00m\x00e\x00t\x00a\x00d\x00a\x00t\x00a\x00
    Maximum intensity:\xff\xfe2\x005\x005\x00.\x000\x00

Groups:[module_num:4|svn_version:\'Unknown\'|variable_revision_number:2|show_window:False|notes:\x5B\'The Groups module optionally allows you to split your list of images into image subsets (groups) which will be processed independently of each other. Examples of groupings include screening batches, microtiter plates, time-lapse movies, etc.\'\x5D|batch_state:array(\x5B\x5D, dtype=uint8)|enabled:True|wants_pause:False]
    Do you want to group your images?:\xff\xfeN\x00o\x00
    grouping metadata count:\xff\xfe1\x00
    Metadata category:\xff\xfeN\x00o\x00n\x00e\x00

IdentifyPrimaryObjects:[module_num:5|svn_version:\'Unknown\'|variable_revision_number:13|show_window:False|notes:\x5B\x5D|batch_state:array(\x5B\x5D, dtype=uint8)|enabled:True|wants_pause:False]
    Select the input image:\xff\xfeH\x00o\x00e\x00c\x00h\x00s\x00t\x00
    Name the primary objects to be identified:\xff\xfeN\x00u\x00c\x00l\x00e\x00u\x00s\x00
    Typical diameter of objects, in pixel units (Min,Max):\xff\xfe2\x000\x00,\x002\x000\x000\x00
    Discard objects outside the diameter range?:\xff\xfeY\x00e\x00s\x00
    Discard objects touching the border of the image?:\xff\xfeN\x00o\x00
    Method to distinguish clumped objects:\xff\xfeS\x00h\x00a\x00p\x00e\x00
    Method to draw dividing lines between clumped objects:\xff\xfeS\x00h\x00a\x00p\x00e\x00
    Size of smoothing filter:\xff\xfe1\x000\x00
    Suppress local maxima that are closer than this minimum allowed distance:\xff\xfe7\x00.\x000\x00
    Speed up by using lower-resolution image to find local maxima?:\xff\xfeY\x00e\x00s\x00
    Fill holes in identified objects?:\xff\xfeA\x00f\x00t\x00e\x00r\x00 \x00b\x00o\x00t\x00h\x00 \x00t\x00h\x00r\x00e\x00s\x00h\x00o\x00l\x00d\x00i\x00n\x00g\x00 \x00a\x00n\x00d\x00 \x00d\x00e\x00c\x00l\x00u\x00m\x00p\x00i\x00n\x00g\x00
    Automatically calculate size of smoothing filter for declumping?:\xff\xfeY\x00e\x00s\x00
    Automatically calculate minimum allowed distance between local maxima?:\xff\xfeY\x00e\x00s\x00
    Handling of objects if excessive number of objects identified:\xff\xfeC\x00o\x00n\x00t\x00i\x00n\x00u\x00e\x00
    Maximum number of objects:\xff\xfe5\x000\x000\x00
    Use advanced settings?:\xff\xfeY\x00e\x00s\x00
    Threshold setting version:\xff\xfe1\x000\x00
    Threshold strategy:\xff\xfeA\x00d\x00a\x00p\x00t\x00i\x00v\x00e\x00
    Thresholding method:\xff\xfeM\x00i\x00n\x00i\x00m\x00u\x00m\x00 \x00c\x00r\x00o\x00s\x00s\x00 \x00e\x00n\x00t\x00r\x00o\x00p\x00y\x00
    Threshold smoothing scale:\xff\xfe1\x00.\x008\x00
    Threshold correction factor:\xff\xfe0\x00.\x009\x00
    Lower and upper bounds on threshold:\xff\xfe0\x00.\x000\x000\x003\x00,\x001\x00.\x000\x00
    Manual threshold:\xff\xfe0\x00.\x000\x00
    Select the measurement to threshold with:\xff\xfeN\x00o\x00n\x00e\x00
    Two-class or three-class thresholding?:\xff\xfeT\x00w\x00o\x00 \x00c\x00l\x00a\x00s\x00s\x00e\x00s\x00
    Assign pixels in the middle intensity class to the foreground or the background?:\xff\xfeF\x00o\x00r\x00e\x00g\x00r\x00o\x00u\x00n\x00d\x00
    Size of adaptive window:\xff\xfe8\x000\x00
    Lower outlier fraction:\xff\xfe0\x00.\x000\x005\x00
    Upper outlier fraction:\xff\xfe0\x00.\x000\x005\x00
    Averaging method:\xff\xfeM\x00e\x00a\x00n\x00
    Variance method:\xff\xfeS\x00t\x00a\x00n\x00d\x00a\x00r\x00d\x00 \x00d\x00e\x00v\x00i\x00a\x00t\x00i\x00o\x00n\x00
    # of deviations:\xff\xfe2\x00.\x000\x00
    Thresholding method:\xff\xfeO\x00t\x00s\x00u\x00

IdentifySecondaryObjects:[module_num:6|svn_version:\'Unknown\'|variable_revision_number:10|show_window:False|notes:\x5B\x5D|batch_state:array(\x5B\x5D, dtype=uint8)|enabled:True|wants_pause:False]
    Select the input objects:\xff\xfeN\x00u\x00c\x00l\x00e\x00u\x00s\x00
    Name the objects to be identified:\xff\xfeC\x00e\x00l\x00l\x00
    Select the method to identify the secondary objects:\xff\xfeW\x00a\x00t\x00e\x00r\x00s\x00h\x00e\x00d\x00 \x00-\x00 \x00I\x00m\x00a\x00g\x00e\x00
    Select the input image:\xff\xfeE\x00v\x00a\x00n\x00
    Number of pixels by which to expand the primary objects:\xff\xfe1\x000\x00
    Regularization factor:\xff\xfe0\x00.\x000\x005\x00
    Discard secondary objects touching the border of the image?:\xff\xfeN\x00o\x00
    Discard the associated primary objects?:\xff\xfeN\x00o\x00
    Name the new primary objects:\xff\xfeF\x00i\x00l\x00t\x00e\x00r\x00e\x00d\x00N\x00u\x00c\x00l\x00e\x00i\x00
    Fill holes in identified objects?:\xff\xfeY\x00e\x00s\x00
    Threshold setting version:\xff\xfe1\x000\x00
    Threshold strategy:\xff\xfeA\x00d\x00a\x00p\x00t\x00i\x00v\x00e\x00
    Thresholding method:\xff\xfeM\x00i\x00n\x00i\x00m\x00u\x00m\x00 \x00c\x00r\x00o\x00s\x00s\x00 \x00e\x00n\x00t\x00r\x00o\x00p\x00y\x00
    Threshold smoothing scale:\xff\xfe1\x00.\x005\x00
    Threshold correction factor:\xff\xfe0\x00.\x008\x005\x00
    Lower and upper bounds on threshold:\xff\xfe0\x00.\x000\x001\x005\x00,\x001\x00.\x000\x00
    Manual threshold:\xff\xfe0\x00.\x000\x00
    Select the measurement to threshold with:\xff\xfeN\x00o\x00n\x00e\x00
    Two-class or three-class thresholding?:\xff\xfeT\x00w\x00o\x00 \x00c\x00l\x00a\x00s\x00s\x00e\x00s\x00
    Assign pixels in the middle intensity class to the foreground or the background?:\xff\xfeF\x00o\x00r\x00e\x00g\x00r\x00o\x00u\x00n\x00d\x00
    Size of adaptive window:\xff\xfe5\x000\x00
    Lower outlier fraction:\xff\xfe0\x00.\x000\x005\x00
    Upper outlier fraction:\xff\xfe0\x00.\x000\x005\x00
    Averaging method:\xff\xfeM\x00e\x00a\x00n\x00
    Variance method:\xff\xfeS\x00t\x00a\x00n\x00d\x00a\x00r\x00d\x00 \x00d\x00e\x00v\x00i\x00a\x00t\x00i\x00o\x00n\x00
    # of deviations:\xff\xfe2\x00.\x000\x00
    Thresholding method:\xff\xfeO\x00t\x00s\x00u\x00

IdentifyTertiaryObjects:[module_num:7|svn_version:\'Unknown\'|variable_revision_number:3|show_window:False|notes:\x5B\x5D|batch_state:array(\x5B\x5D, dtype=uint8)|enabled:True|wants_pause:False]
    Select the larger identified objects:\xff\xfeC\x00e\x00l\x00l\x00
    Select the smaller identified objects:\xff\xfeN\x00u\x00c\x00l\x00e\x00u\x00s\x00
    Name the tertiary objects to be identified:\xff\xfeC\x00y\x00t\x00o\x00p\x00l\x00a\x00s\x00m\x00
    Shrink smaller object prior to subtraction?:\xff\xfeN\x00o\x00

IdentifyPrimaryObjects:[module_num:8|svn_version:\'Unknown\'|variable_revision_number:13|show_window:False|notes:\x5B\x5D|batch_state:array(\x5B\x5D, dtype=uint8)|enabled:True|wants_pause:False]
    Select the input image:\xff\xfeF\x00i\x00t\x00C\x00
    Name the primary objects to be identified:\xff\xfeB\x00a\x00c\x00
    Typical diameter of objects, in pixel units (Min,Max):\xff\xfe3\x00,\x002\x000\x00
    Discard objects outside the diameter range?:\xff\xfeY\x00e\x00s\x00
    Discard objects touching the border of the image?:\xff\xfeY\x00e\x00s\x00
    Method to distinguish clumped objects:\xff\xfeS\x00h\x00a\x00p\x00e\x00
    Method to draw dividing lines between clumped objects:\xff\xfeI\x00n\x00t\x00e\x00n\x00s\x00i\x00t\x00y\x00
    Size of smoothing filter:\xff\xfe1\x000\x00
    Suppress local maxima that are closer than this minimum allowed distance:\xff\xfe7\x00.\x000\x00
    Speed up by using lower-resolution image to find local maxima?:\xff\xfeY\x00e\x00s\x00
    Fill holes in identified objects?:\xff\xfeA\x00f\x00t\x00e\x00r\x00 \x00b\x00o\x00t\x00h\x00 \x00t\x00h\x00r\x00e\x00s\x00h\x00o\x00l\x00d\x00i\x00n\x00g\x00 \x00a\x00n\x00d\x00 \x00d\x00e\x00c\x00l\x00u\x00m\x00p\x00i\x00n\x00g\x00
    Automatically calculate size of smoothing filter for declumping?:\xff\xfeY\x00e\x00s\x00
    Automatically calculate minimum allowed distance between local maxima?:\xff\xfeY\x00e\x00s\x00
    Handling of objects if excessive number of objects identified:\xff\xfeC\x00o\x00n\x00t\x00i\x00n\x00u\x00e\x00
    Maximum number of objects:\xff\xfe5\x000\x000\x00
    Use advanced settings?:\xff\xfeY\x00e\x00s\x00
    Threshold setting version:\xff\xfe1\x000\x00
    Threshold strategy:\xff\xfeA\x00d\x00a\x00p\x00t\x00i\x00v\x00e\x00
    Thresholding method:\xff\xfeM\x00i\x00n\x00i\x00m\x00u\x00m\x00 \x00c\x00r\x00o\x00s\x00s\x00 \x00e\x00n\x00t\x00r\x00o\x00p\x00y\x00
    Threshold smoothing scale:\xff\xfe1\x00.\x005\x00
    Threshold correction factor:\xff\xfe1\x00.\x005\x00
    Lower and upper bounds on threshold:\xff\xfe0\x00.\x000\x001\x00,\x001\x00.\x000\x00
    Manual threshold:\xff\xfe0\x00.\x000\x00
    Select the measurement to threshold with:\xff\xfeN\x00o\x00n\x00e\x00
    Two-class or three-class thresholding?:\xff\xfeT\x00w\x00o\x00 \x00c\x00l\x00a\x00s\x00s\x00e\x00s\x00
    Assign pixels in the middle intensity class to the foreground or the background?:\xff\xfeF\x00o\x00r\x00e\x00g\x00r\x00o\x00u\x00n\x00d\x00
    Size of adaptive window:\xff\xfe1\x00
    Lower outlier fraction:\xff\xfe0\x00.\x000\x005\x00
    Upper outlier fraction:\xff\xfe0\x00.\x000\x005\x00
    Averaging method:\xff\xfeM\x00e\x00a\x00n\x00
    Variance method:\xff\xfeS\x00t\x00a\x00n\x00d\x00a\x00r\x00d\x00 \x00d\x00e\x00v\x00i\x00a\x00t\x00i\x00o\x00n\x00
    # of deviations:\xff\xfe2\x00.\x000\x00
    Thresholding method:\xff\xfeO\x00t\x00s\x00u\x00

RelateObjects:[module_num:9|svn_version:\'Unknown\'|variable_revision_number:5|show_window:False|notes:\x5B\x5D|batch_state:array(\x5B\x5D, dtype=uint8)|enabled:True|wants_pause:False]
    Parent objects:\xff\xfeN\x00u\x00c\x00l\x00e\x00u\x00s\x00
    Child objects:\xff\xfeB\x00a\x00c\x00
    Calculate child-parent distances?:\xff\xfeN\x00o\x00n\x00e\x00
    Calculate per-parent means for all child measurements?:\xff\xfeN\x00o\x00
    Calculate distances to other parents?:\xff\xfeN\x00o\x00
    Do you want to save the children with parents as a new object set?:\xff\xfeY\x00e\x00s\x00
    Name the output object:\xff\xfen\x00u\x00c\x00_\x00l\x00a\x00b\x00e\x00l\x00e\x00d\x00_\x00b\x00a\x00c\x00
    Parent name:\xff\xfeN\x00o\x00n\x00e\x00
    Parent name:\xff\xfeN\x00o\x00n\x00e\x00
    Parent name:\xff\xfeN\x00o\x00n\x00e\x00
    Parent name:\xff\xfeN\x00o\x00n\x00e\x00
    Parent name:\xff\xfeN\x00o\x00n\x00e\x00
    Parent name:\xff\xfeN\x00o\x00n\x00e\x00
    Parent name:\xff\xfeN\x00o\x00n\x00e\x00
    Parent name:\xff\xfeN\x00o\x00n\x00e\x00
    Parent name:\xff\xfeN\x00o\x00n\x00e\x00
    Parent name:\xff\xfeN\x00o\x00n\x00e\x00
    Parent name:\xff\xfeN\x00o\x00n\x00e\x00
    Parent name:\xff\xfeN\x00o\x00n\x00e\x00
    Parent name:\xff\xfeN\x00o\x00n\x00e\x00
    Parent name:\xff\xfeN\x00o\x00n\x00e\x00
    Parent name:\xff\xfeN\x00o\x00n\x00e\x00
    Parent name:\xff\xfeN\x00o\x00n\x00e\x00
    Parent name:\xff\xfeN\x00o\x00n\x00e\x00
    Parent name:\xff\xfeN\x00o\x00n\x00e\x00
    Parent name:\xff\xfeN\x00o\x00n\x00e\x00
    Parent name:\xff\xfeN\x00o\x00n\x00e\x00

RelateObjects:[module_num:10|svn_version:\'Unknown\'|variable_revision_number:5|show_window:False|notes:\x5B\x5D|batch_state:array(\x5B\x5D, dtype=uint8)|enabled:True|wants_pause:False]
    Parent objects:\xff\xfeC\x00e\x00l\x00l\x00
    Child objects:\xff\xfeB\x00a\x00c\x00
    Calculate child-parent distances?:\xff\xfeB\x00o\x00t\x00h\x00
    Calculate per-parent means for all child measurements?:\xff\xfeY\x00e\x00s\x00
    Calculate distances to other parents?:\xff\xfeN\x00o\x00
    Do you want to save the children with parents as a new object set?:\xff\xfeY\x00e\x00s\x00
    Name the output object:\xff\xfec\x00e\x00l\x00l\x00_\x00l\x00a\x00b\x00e\x00l\x00e\x00d\x00_\x00b\x00a\x00c\x00
    Parent name:\xff\xfeN\x00o\x00n\x00e\x00
    Parent name:\xff\xfeN\x00o\x00n\x00e\x00
    Parent name:\xff\xfeN\x00o\x00n\x00e\x00
    Parent name:\xff\xfeN\x00o\x00n\x00e\x00
    Parent name:\xff\xfeN\x00o\x00n\x00e\x00
    Parent name:\xff\xfeN\x00o\x00n\x00e\x00
    Parent name:\xff\xfeN\x00o\x00n\x00e\x00
    Parent name:\xff\xfeN\x00o\x00n\x00e\x00
    Parent name:\xff\xfeN\x00o\x00n\x00e\x00
    Parent name:\xff\xfeN\x00o\x00n\x00e\x00
    Parent name:\xff\xfeN\x00o\x00n\x00e\x00
    Parent name:\xff\xfeN\x00o\x00n\x00e\x00
    Parent name:\xff\xfeN\x00o\x00n\x00e\x00
    Parent name:\xff\xfeN\x00o\x00n\x00e\x00
    Parent name:\xff\xfeN\x00o\x00n\x00e\x00
    Parent name:\xff\xfeN\x00o\x00n\x00e\x00
    Parent name:\xff\xfeN\x00o\x00n\x00e\x00

ClassifyObjects:[module_num:11|svn_version:\'Unknown\'|variable_revision_number:2|show_window:False|notes:\x5B\x5D|batch_state:array(\x5B\x5D, dtype=uint8)|enabled:True|wants_pause:False]
    Make each classification decision on how many measurements?:\xff\xfeS\x00i\x00n\x00g\x00l\x00e\x00 \x00m\x00e\x00a\x00s\x00u\x00r\x00e\x00m\x00e\x00n\x00t\x00
    Hidden:\xff\xfe1\x00
    Select the object to be classified:\xff\xfeB\x00a\x00c\x00
    Select the measurement to classify by:\xff\xfeP\x00a\x00r\x00e\x00n\x00t\x00_\x00C\x00e\x00l\x00l\x00
    Select bin spacing:\xff\xfeC\x00u\x00s\x00t\x00o\x00m\x00-\x00d\x00e\x00f\x00i\x00n\x00e\x00d\x00 \x00b\x00i\x00n\x00s\x00
    Number of bins:\xff\xfe2\x00
    Lower threshold:\xff\xfe0\x00.\x000\x00
    Use a bin for objects below the threshold?:\xff\xfeN\x00o\x00
    Upper threshold:\xff\xfe1\x00.\x000\x00
    Use a bin for objects above the threshold?:\xff\xfeY\x00e\x00s\x00
    Enter the custom thresholds separating the values between bins:\xff\xfe0\x00,\x001\x00
    Give each bin a name?:\xff\xfeY\x00e\x00s\x00
    Enter the bin names separated by commas:\xff\xfeN\x00o\x00t\x00C\x00o\x00l\x00o\x00,\x00C\x00o\x00l\x00o\x00
    Retain an image of the classified objects?:\xff\xfeN\x00o\x00
    Name the output image:\xff\xfeC\x00l\x00a\x00s\x00s\x00i\x00f\x00i\x00e\x00d\x00N\x00u\x00c\x00l\x00e\x00i\x00
    Select the object name:\xff\xfeN\x00o\x00n\x00e\x00
    Select the first measurement:\xff\xfeN\x00o\x00n\x00e\x00
    Method to select the cutoff:\xff\xfeM\x00e\x00a\x00n\x00
    Enter the cutoff value:\xff\xfe0\x00.\x005\x00
    Select the second measurement:\xff\xfeN\x00o\x00n\x00e\x00
    Method to select the cutoff:\xff\xfeM\x00e\x00a\x00n\x00
    Enter the cutoff value:\xff\xfe0\x00.\x005\x00
    Use custom names for the bins?:\xff\xfeN\x00o\x00
    Enter the low-low bin name:\xff\xfel\x00o\x00w\x00_\x00l\x00o\x00w\x00
    Enter the low-high bin name:\xff\xfel\x00o\x00w\x00_\x00h\x00i\x00g\x00h\x00
    Enter the high-low bin name:\xff\xfeh\x00i\x00g\x00h\x00_\x00l\x00o\x00w\x00
    Enter the high-high bin name:\xff\xfeh\x00i\x00g\x00h\x00_\x00h\x00i\x00g\x00h\x00
    Retain an image of the classified objects?:\xff\xfeN\x00o\x00
    Enter the image name:\xff\xfeN\x00o\x00n\x00e\x00

FilterObjects:[module_num:12|svn_version:\'Unknown\'|variable_revision_number:8|show_window:False|notes:\x5B\x5D|batch_state:array(\x5B\x5D, dtype=uint8)|enabled:True|wants_pause:False]
    Select the objects to filter:\xff\xfeB\x00a\x00c\x00
    Name the output objects:\xff\xfeI\x00n\x00t\x00r\x00a\x00B\x00a\x00c\x00
    Select the filtering mode:\xff\xfeM\x00e\x00a\x00s\x00u\x00r\x00e\x00m\x00e\x00n\x00t\x00s\x00
    Select the filtering method:\xff\xfeL\x00i\x00m\x00i\x00t\x00s\x00
    Select the objects that contain the filtered objects:\xff\xfeN\x00o\x00n\x00e\x00
    Select the location of the rules or classifier file:\xff\xfeE\x00l\x00s\x00e\x00w\x00h\x00e\x00r\x00e\x00.\x00.\x00.\x00\x7C\x00
    Rules or classifier file name:\xff\xfer\x00u\x00l\x00e\x00s\x00.\x00t\x00x\x00t\x00
    Class number:\xff\xfe1\x00
    Measurement count:\xff\xfe1\x00
    Additional object count:\xff\xfe0\x00
    Assign overlapping child to:\xff\xfeB\x00o\x00t\x00h\x00 \x00p\x00a\x00r\x00e\x00n\x00t\x00s\x00
    Select the measurement to filter by:\xff\xfeP\x00a\x00r\x00e\x00n\x00t\x00_\x00C\x00e\x00l\x00l\x00
    Filter using a minimum measurement value?:\xff\xfeY\x00e\x00s\x00
    Minimum value:\xff\xfe1\x00
    Filter using a maximum measurement value?:\xff\xfeN\x00o\x00
    Maximum value:\xff\xfe0\x00

FilterObjects:[module_num:13|svn_version:\'Unknown\'|variable_revision_number:8|show_window:False|notes:\x5B\x5D|batch_state:array(\x5B\x5D, dtype=uint8)|enabled:True|wants_pause:False]
    Select the objects to filter:\xff\xfeB\x00a\x00c\x00
    Name the output objects:\xff\xfeE\x00x\x00t\x00r\x00a\x00B\x00a\x00c\x00
    Select the filtering mode:\xff\xfeM\x00e\x00a\x00s\x00u\x00r\x00e\x00m\x00e\x00n\x00t\x00s\x00
    Select the filtering method:\xff\xfeL\x00i\x00m\x00i\x00t\x00s\x00
    Select the objects that contain the filtered objects:\xff\xfeN\x00o\x00n\x00e\x00
    Select the location of the rules or classifier file:\xff\xfeE\x00l\x00s\x00e\x00w\x00h\x00e\x00r\x00e\x00.\x00.\x00.\x00\x7C\x00
    Rules or classifier file name:\xff\xfer\x00u\x00l\x00e\x00s\x00.\x00t\x00x\x00t\x00
    Class number:\xff\xfe1\x00
    Measurement count:\xff\xfe1\x00
    Additional object count:\xff\xfe0\x00
    Assign overlapping child to:\xff\xfeB\x00o\x00t\x00h\x00 \x00p\x00a\x00r\x00e\x00n\x00t\x00s\x00
    Select the measurement to filter by:\xff\xfeP\x00a\x00r\x00e\x00n\x00t\x00_\x00C\x00e\x00l\x00l\x00
    Filter using a minimum measurement value?:\xff\xfeN\x00o\x00
    Minimum value:\xff\xfe1\x00
    Filter using a maximum measurement value?:\xff\xfeY\x00e\x00s\x00
    Maximum value:\xff\xfe0\x00

ShrinkToObjectCenters:[module_num:14|svn_version:\'Unknown\'|variable_revision_number:1|show_window:False|notes:\x5B\x5D|batch_state:array(\x5B\x5D, dtype=uint8)|enabled:True|wants_pause:False]
    Select the input object:\xff\xfeB\x00a\x00c\x00
    Name the output object:\xff\xfeS\x00h\x00r\x00i\x00n\x00k\x00_\x00b\x00a\x00c\x00

RelateObjects:[module_num:15|svn_version:\'Unknown\'|variable_revision_number:5|show_window:False|notes:\x5B\x5D|batch_state:array(\x5B\x5D, dtype=uint8)|enabled:True|wants_pause:False]
    Parent objects:\xff\xfeC\x00e\x00l\x00l\x00
    Child objects:\xff\xfeS\x00h\x00r\x00i\x00n\x00k\x00_\x00b\x00a\x00c\x00
    Calculate child-parent distances?:\xff\xfeN\x00o\x00n\x00e\x00
    Calculate per-parent means for all child measurements?:\xff\xfeN\x00o\x00
    Calculate distances to other parents?:\xff\xfeN\x00o\x00
    Do you want to save the children with parents as a new object set?:\xff\xfeY\x00e\x00s\x00
    Name the output object:\xff\xfec\x00e\x00l\x00l\x00_\x00l\x00a\x00b\x00e\x00l\x00e\x00d\x00_\x00b\x00a\x00c\x00_\x00p\x00o\x00i\x00n\x00t\x00
    Parent name:\xff\xfeN\x00o\x00n\x00e\x00
    Parent name:\xff\xfeN\x00o\x00n\x00e\x00
    Parent name:\xff\xfeN\x00o\x00n\x00e\x00
    Parent name:\xff\xfeN\x00o\x00n\x00e\x00
    Parent name:\xff\xfeN\x00o\x00n\x00e\x00
    Parent name:\xff\xfeN\x00o\x00n\x00e\x00
    Parent name:\xff\xfeN\x00o\x00n\x00e\x00
    Parent name:\xff\xfeN\x00o\x00n\x00e\x00
    Parent name:\xff\xfeN\x00o\x00n\x00e\x00
    Parent name:\xff\xfeN\x00o\x00n\x00e\x00
    Parent name:\xff\xfeN\x00o\x00n\x00e\x00
    Parent name:\xff\xfeN\x00o\x00n\x00e\x00
    Parent name:\xff\xfeN\x00o\x00n\x00e\x00
    Parent name:\xff\xfeN\x00o\x00n\x00e\x00
    Parent name:\xff\xfeN\x00o\x00n\x00e\x00
    Parent name:\xff\xfeN\x00o\x00n\x00e\x00
    Parent name:\xff\xfeN\x00o\x00n\x00e\x00
    Parent name:\xff\xfeN\x00o\x00n\x00e\x00

RelateObjects:[module_num:16|svn_version:\'Unknown\'|variable_revision_number:5|show_window:False|notes:\x5B\x5D|batch_state:array(\x5B\x5D, dtype=uint8)|enabled:True|wants_pause:False]
    Parent objects:\xff\xfeN\x00u\x00c\x00l\x00e\x00u\x00s\x00
    Child objects:\xff\xfeS\x00h\x00r\x00i\x00n\x00k\x00_\x00b\x00a\x00c\x00
    Calculate child-parent distances?:\xff\xfeN\x00o\x00n\x00e\x00
    Calculate per-parent means for all child measurements?:\xff\xfeN\x00o\x00
    Calculate distances to other parents?:\xff\xfeN\x00o\x00
    Do you want to save the children with parents as a new object set?:\xff\xfeY\x00e\x00s\x00
    Name the output object:\xff\xfen\x00u\x00c\x00_\x00l\x00a\x00b\x00e\x00l\x00l\x00e\x00d\x00_\x00b\x00a\x00c\x00_\x00p\x00o\x00i\x00n\x00t\x00l\x00
    Parent name:\xff\xfeN\x00o\x00n\x00e\x00
    Parent name:\xff\xfeN\x00o\x00n\x00e\x00
    Parent name:\xff\xfeN\x00o\x00n\x00e\x00
    Parent name:\xff\xfeN\x00o\x00n\x00e\x00
    Parent name:\xff\xfeN\x00o\x00n\x00e\x00
    Parent name:\xff\xfeN\x00o\x00n\x00e\x00
    Parent name:\xff\xfeN\x00o\x00n\x00e\x00
    Parent name:\xff\xfeN\x00o\x00n\x00e\x00
    Parent name:\xff\xfeN\x00o\x00n\x00e\x00
    Parent name:\xff\xfeN\x00o\x00n\x00e\x00
    Parent name:\xff\xfeN\x00o\x00n\x00e\x00
    Parent name:\xff\xfeN\x00o\x00n\x00e\x00
    Parent name:\xff\xfeN\x00o\x00n\x00e\x00
    Parent name:\xff\xfeN\x00o\x00n\x00e\x00
    Parent name:\xff\xfeN\x00o\x00n\x00e\x00
    Parent name:\xff\xfeN\x00o\x00n\x00e\x00
    Parent name:\xff\xfeN\x00o\x00n\x00e\x00
    Parent name:\xff\xfeN\x00o\x00n\x00e\x00
    Parent name:\xff\xfeN\x00o\x00n\x00e\x00
    Parent name:\xff\xfeN\x00o\x00n\x00e\x00

MaskObjects:[module_num:17|svn_version:\'Unknown\'|variable_revision_number:3|show_window:False|notes:\x5B\x5D|batch_state:array(\x5B\x5D, dtype=uint8)|enabled:True|wants_pause:False]
    Select objects to be masked:\xff\xfeN\x00u\x00c\x00l\x00e\x00u\x00s\x00
    Name the masked objects:\xff\xfeM\x00a\x00s\x00k\x00e\x00d\x00_\x00N\x00u\x00c\x00l\x00e\x00u\x00s\x00
    Mask using a region defined by other objects or by binary image?:\xff\xfeO\x00b\x00j\x00e\x00c\x00t\x00s\x00
    Select the masking object:\xff\xfeS\x00h\x00r\x00i\x00n\x00k\x00_\x00b\x00a\x00c\x00
    Select the masking image:\xff\xfeN\x00o\x00n\x00e\x00
    Handling of objects that are partially masked:\xff\xfeK\x00e\x00e\x00p\x00 \x00o\x00v\x00e\x00r\x00l\x00a\x00p\x00p\x00i\x00n\x00g\x00 \x00r\x00e\x00g\x00i\x00o\x00n\x00
    Fraction of object that must overlap:\xff\xfe0\x00.\x005\x00
    Numbering of resulting objects:\xff\xfeR\x00e\x00n\x00u\x00m\x00b\x00e\x00r\x00
    Invert the mask?:\xff\xfeN\x00o\x00

MaskObjects:[module_num:18|svn_version:\'Unknown\'|variable_revision_number:3|show_window:False|notes:\x5B\x5D|batch_state:array(\x5B\x5D, dtype=uint8)|enabled:True|wants_pause:False]
    Select objects to be masked:\xff\xfeC\x00y\x00t\x00o\x00p\x00l\x00a\x00s\x00m\x00
    Name the masked objects:\xff\xfeM\x00a\x00s\x00k\x00e\x00d\x00_\x00C\x00y\x00t\x00o\x00p\x00l\x00a\x00s\x00m\x00
    Mask using a region defined by other objects or by binary image?:\xff\xfeO\x00b\x00j\x00e\x00c\x00t\x00s\x00
    Select the masking object:\xff\xfeS\x00h\x00r\x00i\x00n\x00k\x00_\x00b\x00a\x00c\x00
    Select the masking image:\xff\xfeN\x00o\x00n\x00e\x00
    Handling of objects that are partially masked:\xff\xfeK\x00e\x00e\x00p\x00 \x00o\x00v\x00e\x00r\x00l\x00a\x00p\x00p\x00i\x00n\x00g\x00 \x00r\x00e\x00g\x00i\x00o\x00n\x00
    Fraction of object that must overlap:\xff\xfe0\x00.\x005\x00
    Numbering of resulting objects:\xff\xfeR\x00e\x00n\x00u\x00m\x00b\x00e\x00r\x00
    Invert the mask?:\xff\xfeN\x00o\x00

MaskObjects:[module_num:19|svn_version:\'Unknown\'|variable_revision_number:3|show_window:False|notes:\x5B\x5D|batch_state:array(\x5B\x5D, dtype=uint8)|enabled:True|wants_pause:False]
    Select objects to be masked:\xff\xfeC\x00e\x00l\x00l\x00
    Name the masked objects:\xff\xfeM\x00a\x00s\x00k\x00e\x00d\x00_\x00C\x00e\x00l\x00l\x00
    Mask using a region defined by other objects or by binary image?:\xff\xfeO\x00b\x00j\x00e\x00c\x00t\x00s\x00
    Select the masking object:\xff\xfeS\x00h\x00r\x00i\x00n\x00k\x00_\x00b\x00a\x00c\x00
    Select the masking image:\xff\xfeN\x00o\x00n\x00e\x00
    Handling of objects that are partially masked:\xff\xfeK\x00e\x00e\x00p\x00 \x00o\x00v\x00e\x00r\x00l\x00a\x00p\x00p\x00i\x00n\x00g\x00 \x00r\x00e\x00g\x00i\x00o\x00n\x00
    Fraction of object that must overlap:\xff\xfe0\x00.\x005\x00
    Numbering of resulting objects:\xff\xfeR\x00e\x00n\x00u\x00m\x00b\x00e\x00r\x00
    Invert the mask?:\xff\xfeN\x00o\x00

RescaleIntensity:[module_num:20|svn_version:\'Unknown\'|variable_revision_number:3|show_window:False|notes:\x5B\x5D|batch_state:array(\x5B\x5D, dtype=uint8)|enabled:True|wants_pause:False]
    Select the input image:\xff\xfeH\x00o\x00e\x00c\x00h\x00s\x00t\x00
    Name the output image:\xff\xfeR\x00e\x00s\x00c\x00a\x00l\x00e\x00_\x00H\x00o\x00e\x00c\x00h\x00s\x00t\x00
    Rescaling method:\xff\xfeS\x00t\x00r\x00e\x00t\x00c\x00h\x00 \x00e\x00a\x00c\x00h\x00 \x00i\x00m\x00a\x00g\x00e\x00 \x00t\x00o\x00 \x00u\x00s\x00e\x00 \x00t\x00h\x00e\x00 \x00f\x00u\x00l\x00l\x00 \x00i\x00n\x00t\x00e\x00n\x00s\x00i\x00t\x00y\x00 \x00r\x00a\x00n\x00g\x00e\x00
    Method to calculate the minimum intensity:\xff\xfeC\x00u\x00s\x00t\x00o\x00m\x00
    Method to calculate the maximum intensity:\xff\xfeC\x00u\x00s\x00t\x00o\x00m\x00
    Lower intensity limit for the input image:\xff\xfe0\x00.\x000\x00
    Upper intensity limit for the input image:\xff\xfe1\x00.\x000\x00
    Intensity range for the input image:\xff\xfe0\x00.\x000\x00,\x001\x00.\x000\x00
    Intensity range for the output image:\xff\xfe0\x00.\x000\x00,\x001\x00.\x000\x00
    Select image to match in maximum intensity:\xff\xfeN\x00o\x00n\x00e\x00
    Divisor value:\xff\xfe1\x00.\x000\x00
    Divisor measurement:\xff\xfeN\x00o\x00n\x00e\x00

OverlayOutlines:[module_num:21|svn_version:\'Unknown\'|variable_revision_number:4|show_window:False|notes:\x5B\x5D|batch_state:array(\x5B\x5D, dtype=uint8)|enabled:True|wants_pause:False]
    Display outlines on a blank image?:\xff\xfeN\x00o\x00
    Select image on which to display outlines:\xff\xfeR\x00e\x00s\x00c\x00a\x00l\x00e\x00_\x00H\x00o\x00e\x00c\x00h\x00s\x00t\x00
    Name the output image:\xff\xfeN\x00u\x00c\x00l\x00e\x00u\x00s\x00_\x00O\x00v\x00e\x00r\x00l\x00a\x00y\x00
    Outline display mode:\xff\xfeC\x00o\x00l\x00o\x00r\x00
    Select method to determine brightness of outlines:\xff\xfeM\x00a\x00x\x00 \x00o\x00f\x00 \x00i\x00m\x00a\x00g\x00e\x00
    How to outline:\xff\xfeO\x00u\x00t\x00e\x00r\x00
    Select outline color:\xff\xfey\x00e\x00l\x00l\x00o\x00w\x00
    Select objects to display:\xff\xfeN\x00u\x00c\x00l\x00e\x00u\x00s\x00

SaveImages:[module_num:22|svn_version:\'Unknown\'|variable_revision_number:13|show_window:False|notes:\x5B\x5D|batch_state:array(\x5B\x5D, dtype=uint8)|enabled:True|wants_pause:False]
    Select the type of image to save:\xff\xfeI\x00m\x00a\x00g\x00e\x00
    Select the image to save:\xff\xfeN\x00u\x00c\x00l\x00e\x00u\x00s\x00_\x00O\x00v\x00e\x00r\x00l\x00a\x00y\x00
    Select method for constructing file names:\xff\xfeF\x00r\x00o\x00m\x00 \x00i\x00m\x00a\x00g\x00e\x00 \x00f\x00i\x00l\x00e\x00n\x00a\x00m\x00e\x00
    Select image name for file prefix:\xff\xfeH\x00o\x00e\x00c\x00h\x00s\x00t\x00
    Enter single file name:\xff\xfeO\x00r\x00i\x00g\x00B\x00l\x00u\x00e\x00
    Number of digits:\xff\xfe4\x00
    Append a suffix to the image file name?:\xff\xfeY\x00e\x00s\x00
    Text to append to the image name:\xff\xfe_\x00h\x00o\x00e\x00c\x00h\x00s\x00t\x00
    Saved file format:\xff\xfep\x00n\x00g\x00
    Output file location:\xff\xfeD\x00e\x00f\x00a\x00u\x00l\x00t\x00 \x00O\x00u\x00t\x00p\x00u\x00t\x00 \x00F\x00o\x00l\x00d\x00e\x00r\x00\x7C\x00T\x00e\x00s\x00t\x00
    Image bit depth:\xff\xfe8\x00-\x00b\x00i\x00t\x00 \x00i\x00n\x00t\x00e\x00g\x00e\x00r\x00
    Overwrite existing files without warning?:\xff\xfeN\x00o\x00
    When to save:\xff\xfeE\x00v\x00e\x00r\x00y\x00 \x00c\x00y\x00c\x00l\x00e\x00
    Record the file and path information to the saved image?:\xff\xfeY\x00e\x00s\x00
    Create subfolders in the output folder?:\xff\xfeN\x00o\x00
    Base image folder:\xff\xfeE\x00l\x00s\x00e\x00w\x00h\x00e\x00r\x00e\x00.\x00.\x00.\x00\x7C\x00

RescaleIntensity:[module_num:23|svn_version:\'Unknown\'|variable_revision_number:3|show_window:False|notes:\x5B\x5D|batch_state:array(\x5B\x5D, dtype=uint8)|enabled:True|wants_pause:False]
    Select the input image:\xff\xfeF\x00i\x00t\x00C\x00
    Name the output image:\xff\xfeR\x00e\x00s\x00c\x00a\x00l\x00e\x00_\x00F\x00i\x00t\x00C\x00
    Rescaling method:\xff\xfeS\x00t\x00r\x00e\x00t\x00c\x00h\x00 \x00e\x00a\x00c\x00h\x00 \x00i\x00m\x00a\x00g\x00e\x00 \x00t\x00o\x00 \x00u\x00s\x00e\x00 \x00t\x00h\x00e\x00 \x00f\x00u\x00l\x00l\x00 \x00i\x00n\x00t\x00e\x00n\x00s\x00i\x00t\x00y\x00 \x00r\x00a\x00n\x00g\x00e\x00
    Method to calculate the minimum intensity:\xff\xfeC\x00u\x00s\x00t\x00o\x00m\x00
    Method to calculate the maximum intensity:\xff\xfeC\x00u\x00s\x00t\x00o\x00m\x00
    Lower intensity limit for the input image:\xff\xfe0\x00.\x000\x00
    Upper intensity limit for the input image:\xff\xfe1\x00.\x000\x00
    Intensity range for the input image:\xff\xfe0\x00.\x000\x00,\x001\x00.\x000\x00
    Intensity range for the output image:\xff\xfe0\x00.\x000\x00,\x001\x00.\x000\x00
    Select image to match in maximum intensity:\xff\xfeN\x00o\x00n\x00e\x00
    Divisor value:\xff\xfe1\x00.\x000\x00
    Divisor measurement:\xff\xfeN\x00o\x00n\x00e\x00

OverlayOutlines:[module_num:24|svn_version:\'Unknown\'|variable_revision_number:4|show_window:False|notes:\x5B\x5D|batch_state:array(\x5B\x5D, dtype=uint8)|enabled:True|wants_pause:False]
    Display outlines on a blank image?:\xff\xfeN\x00o\x00
    Select image on which to display outlines:\xff\xfeR\x00e\x00s\x00c\x00a\x00l\x00e\x00_\x00F\x00i\x00t\x00C\x00
    Name the output image:\xff\xfeB\x00a\x00c\x00_\x00O\x00v\x00e\x00r\x00l\x00a\x00y\x00
    Outline display mode:\xff\xfeC\x00o\x00l\x00o\x00r\x00
    Select method to determine brightness of outlines:\xff\xfeM\x00a\x00x\x00 \x00o\x00f\x00 \x00i\x00m\x00a\x00g\x00e\x00
    How to outline:\xff\xfeO\x00u\x00t\x00e\x00r\x00
    Select outline color:\xff\xfe#\x008\x000\x000\x000\x00F\x00F\x00
    Select objects to display:\xff\xfeB\x00a\x00c\x00

SaveImages:[module_num:25|svn_version:\'Unknown\'|variable_revision_number:13|show_window:False|notes:\x5B\x5D|batch_state:array(\x5B\x5D, dtype=uint8)|enabled:True|wants_pause:False]
    Select the type of image to save:\xff\xfeI\x00m\x00a\x00g\x00e\x00
    Select the image to save:\xff\xfeB\x00a\x00c\x00_\x00O\x00v\x00e\x00r\x00l\x00a\x00y\x00
    Select method for constructing file names:\xff\xfeF\x00r\x00o\x00m\x00 \x00i\x00m\x00a\x00g\x00e\x00 \x00f\x00i\x00l\x00e\x00n\x00a\x00m\x00e\x00
    Select image name for file prefix:\xff\xfeF\x00i\x00t\x00C\x00
    Enter single file name:\xff\xfeO\x00r\x00i\x00g\x00B\x00l\x00u\x00e\x00
    Number of digits:\xff\xfe4\x00
    Append a suffix to the image file name?:\xff\xfeY\x00e\x00s\x00
    Text to append to the image name:\xff\xfe_\x00F\x00I\x00T\x00C\x00
    Saved file format:\xff\xfep\x00n\x00g\x00
    Output file location:\xff\xfeD\x00e\x00f\x00a\x00u\x00l\x00t\x00 \x00O\x00u\x00t\x00p\x00u\x00t\x00 \x00F\x00o\x00l\x00d\x00e\x00r\x00\x7C\x00T\x00e\x00s\x00t\x00
    Image bit depth:\xff\xfe8\x00-\x00b\x00i\x00t\x00 \x00i\x00n\x00t\x00e\x00g\x00e\x00r\x00
    Overwrite existing files without warning?:\xff\xfeN\x00o\x00
    When to save:\xff\xfeE\x00v\x00e\x00r\x00y\x00 \x00c\x00y\x00c\x00l\x00e\x00
    Record the file and path information to the saved image?:\xff\xfeY\x00e\x00s\x00
    Create subfolders in the output folder?:\xff\xfeN\x00o\x00
    Base image folder:\xff\xfeE\x00l\x00s\x00e\x00w\x00h\x00e\x00r\x00e\x00.\x00.\x00.\x00\x7C\x00

RescaleIntensity:[module_num:26|svn_version:\'Unknown\'|variable_revision_number:3|show_window:False|notes:\x5B\x5D|batch_state:array(\x5B\x5D, dtype=uint8)|enabled:True|wants_pause:False]
    Select the input image:\xff\xfeE\x00v\x00a\x00n\x00
    Name the output image:\xff\xfeR\x00e\x00s\x00c\x00a\x00l\x00e\x00_\x00E\x00v\x00a\x00n\x00
    Rescaling method:\xff\xfeS\x00t\x00r\x00e\x00t\x00c\x00h\x00 \x00e\x00a\x00c\x00h\x00 \x00i\x00m\x00a\x00g\x00e\x00 \x00t\x00o\x00 \x00u\x00s\x00e\x00 \x00t\x00h\x00e\x00 \x00f\x00u\x00l\x00l\x00 \x00i\x00n\x00t\x00e\x00n\x00s\x00i\x00t\x00y\x00 \x00r\x00a\x00n\x00g\x00e\x00
    Method to calculate the minimum intensity:\xff\xfeC\x00u\x00s\x00t\x00o\x00m\x00
    Method to calculate the maximum intensity:\xff\xfeC\x00u\x00s\x00t\x00o\x00m\x00
    Lower intensity limit for the input image:\xff\xfe0\x00.\x000\x00
    Upper intensity limit for the input image:\xff\xfe1\x00.\x000\x00
    Intensity range for the input image:\xff\xfe0\x00.\x000\x00,\x001\x00.\x000\x00
    Intensity range for the output image:\xff\xfe0\x00.\x000\x00,\x001\x00.\x000\x00
    Select image to match in maximum intensity:\xff\xfeN\x00o\x00n\x00e\x00
    Divisor value:\xff\xfe1\x00.\x000\x00
    Divisor measurement:\xff\xfeN\x00o\x00n\x00e\x00

OverlayOutlines:[module_num:27|svn_version:\'Unknown\'|variable_revision_number:4|show_window:False|notes:\x5B\x5D|batch_state:array(\x5B\x5D, dtype=uint8)|enabled:True|wants_pause:False]
    Display outlines on a blank image?:\xff\xfeN\x00o\x00
    Select image on which to display outlines:\xff\xfeR\x00e\x00s\x00c\x00a\x00l\x00e\x00_\x00E\x00v\x00a\x00n\x00
    Name the output image:\xff\xfeC\x00e\x00l\x00l\x00_\x00O\x00v\x00e\x00r\x00l\x00a\x00y\x00
    Outline display mode:\xff\xfeC\x00o\x00l\x00o\x00r\x00
    Select method to determine brightness of outlines:\xff\xfeM\x00a\x00x\x00 \x00o\x00f\x00 \x00i\x00m\x00a\x00g\x00e\x00
    How to outline:\xff\xfeO\x00u\x00t\x00e\x00r\x00
    Select outline color:\xff\xfer\x00e\x00d\x00
    Select objects to display:\xff\xfeC\x00e\x00l\x00l\x00

SaveImages:[module_num:28|svn_version:\'Unknown\'|variable_revision_number:13|show_window:False|notes:\x5B\x5D|batch_state:array(\x5B\x5D, dtype=uint8)|enabled:True|wants_pause:False]
    Select the type of image to save:\xff\xfeI\x00m\x00a\x00g\x00e\x00
    Select the image to save:\xff\xfeC\x00e\x00l\x00l\x00_\x00O\x00v\x00e\x00r\x00l\x00a\x00y\x00
    Select method for constructing file names:\xff\xfeF\x00r\x00o\x00m\x00 \x00i\x00m\x00a\x00g\x00e\x00 \x00f\x00i\x00l\x00e\x00n\x00a\x00m\x00e\x00
    Select image name for file prefix:\xff\xfeE\x00v\x00a\x00n\x00
    Enter single file name:\xff\xfeO\x00r\x00i\x00g\x00B\x00l\x00u\x00e\x00
    Number of digits:\xff\xfe4\x00
    Append a suffix to the image file name?:\xff\xfeY\x00e\x00s\x00
    Text to append to the image name:\xff\xfe_\x00E\x00v\x00a\x00n\x00
    Saved file format:\xff\xfep\x00n\x00g\x00
    Output file location:\xff\xfeD\x00e\x00f\x00a\x00u\x00l\x00t\x00 \x00O\x00u\x00t\x00p\x00u\x00t\x00 \x00F\x00o\x00l\x00d\x00e\x00r\x00\x7C\x00T\x00e\x00s\x00t\x00
    Image bit depth:\xff\xfe8\x00-\x00b\x00i\x00t\x00 \x00i\x00n\x00t\x00e\x00g\x00e\x00r\x00
    Overwrite existing files without warning?:\xff\xfeN\x00o\x00
    When to save:\xff\xfeE\x00v\x00e\x00r\x00y\x00 \x00c\x00y\x00c\x00l\x00e\x00
    Record the file and path information to the saved image?:\xff\xfeY\x00e\x00s\x00
    Create subfolders in the output folder?:\xff\xfeN\x00o\x00
    Base image folder:\xff\xfeE\x00l\x00s\x00e\x00w\x00h\x00e\x00r\x00e\x00.\x00.\x00.\x00\x7C\x00

MeasureObjectSizeShape:[module_num:29|svn_version:\'Unknown\'|variable_revision_number:1|show_window:False|notes:\x5B\x5D|batch_state:array(\x5B\x5D, dtype=uint8)|enabled:True|wants_pause:False]
    Select objects to measure:\xff\xfeC\x00e\x00l\x00l\x00
    Select objects to measure:\xff\xfeN\x00u\x00c\x00l\x00e\x00u\x00s\x00
    Select objects to measure:\xff\xfeB\x00a\x00c\x00
    Calculate the Zernike features?:\xff\xfeY\x00e\x00s\x00

ExportToSpreadsheet:[module_num:30|svn_version:\'Unknown\'|variable_revision_number:12|show_window:False|notes:\x5B\x5D|batch_state:array(\x5B\x5D, dtype=uint8)|enabled:True|wants_pause:False]
    Select the column delimiter:\xff\xfeC\x00o\x00m\x00m\x00a\x00 \x00(\x00""\x00,\x00""\x00)\x00
    Add image metadata columns to your object data file?:\xff\xfeY\x00e\x00s\x00
    Select the measurements to export:\xff\xfeY\x00e\x00s\x00
    Calculate the per-image mean values for object measurements?:\xff\xfeY\x00e\x00s\x00
    Calculate the per-image median values for object measurements?:\xff\xfeY\x00e\x00s\x00
    Calculate the per-image standard deviation values for object measurements?:\xff\xfeY\x00e\x00s\x00
    Output file location:\xff\xfeD\x00e\x00f\x00a\x00u\x00l\x00t\x00 \x00O\x00u\x00t\x00p\x00u\x00t\x00 \x00F\x00o\x00l\x00d\x00e\x00r\x00\x7C\x00T\x00e\x00s\x00t\x00
    Create a GenePattern GCT file?:\xff\xfeN\x00o\x00
    Select source of sample row name:\xff\xfeM\x00e\x00t\x00a\x00d\x00a\x00t\x00a\x00
    Select the image to use as the identifier:\xff\xfeN\x00o\x00n\x00e\x00
    Select the metadata to use as the identifier:\xff\xfeN\x00o\x00n\x00e\x00
    Export all measurement types?:\xff\xfeY\x00e\x00s\x00
    Press button to select measurements:\xff\xfeI\x00n\x00t\x00r\x00a\x00B\x00a\x00c\x00\x7C\x00P\x00a\x00r\x00e\x00n\x00t\x00_\x00B\x00a\x00c\x00,\x00E\x00x\x00t\x00r\x00a\x00B\x00a\x00c\x00\x7C\x00P\x00a\x00r\x00e\x00n\x00t\x00_\x00B\x00a\x00c\x00,\x00C\x00e\x00l\x00l\x00\x7C\x00L\x00o\x00c\x00a\x00t\x00i\x00o\x00n\x00_\x00C\x00e\x00n\x00t\x00e\x00r\x00_\x00Y\x00,\x00C\x00e\x00l\x00l\x00\x7C\x00L\x00o\x00c\x00a\x00t\x00i\x00o\x00n\x00_\x00C\x00e\x00n\x00t\x00e\x00r\x00_\x00X\x00,\x00C\x00e\x00l\x00l\x00\x7C\x00L\x00o\x00c\x00a\x00t\x00i\x00o\x00n\x00_\x00C\x00e\x00n\x00t\x00e\x00r\x00_\x00Z\x00,\x00C\x00e\x00l\x00l\x00\x7C\x00A\x00r\x00e\x00a\x00S\x00h\x00a\x00p\x00e\x00_\x00C\x00e\x00n\x00t\x00e\x00r\x00_\x00Y\x00,\x00C\x00e\x00l\x00l\x00\x7C\x00A\x00r\x00e\x00a\x00S\x00h\x00a\x00p\x00e\x00_\x00C\x00e\x00n\x00t\x00e\x00r\x00_\x00X\x00,\x00C\x00e\x00l\x00l\x00\x7C\x00A\x00r\x00e\x00a\x00S\x00h\x00a\x00p\x00e\x00_\x00C\x00e\x00n\x00t\x00e\x00r\x00_\x00Z\x00,\x00C\x00e\x00l\x00l\x00\x7C\x00C\x00h\x00i\x00l\x00d\x00r\x00e\x00n\x00_\x00S\x00h\x00r\x00i\x00n\x00k\x00_\x00b\x00a\x00c\x00_\x00C\x00o\x00u\x00n\x00t\x00,\x00C\x00e\x00l\x00l\x00\x7C\x00C\x00h\x00i\x00l\x00d\x00r\x00e\x00n\x00_\x00B\x00a\x00c\x00_\x00C\x00o\x00u\x00n\x00t\x00,\x00E\x00x\x00p\x00e\x00r\x00i\x00m\x00e\x00n\x00t\x00\x7C\x00M\x00o\x00d\x00i\x00f\x00i\x00c\x00a\x00t\x00i\x00o\x00n\x00_\x00T\x00i\x00m\x00e\x00s\x00t\x00a\x00m\x00p\x00,\x00E\x00x\x00p\x00e\x00r\x00i\x00m\x00e\x00n\x00t\x00\x7C\x00R\x00u\x00n\x00_\x00T\x00i\x00m\x00e\x00s\x00t\x00a\x00m\x00p\x00,\x00E\x00x\x00p\x00e\x00r\x00i\x00m\x00e\x00n\x00t\x00\x7C\x00P\x00i\x00p\x00e\x00l\x00i\x00n\x00e\x00_\x00P\x00i\x00p\x00e\x00l\x00i\x00n\x00e\x00,\x00E\x00x\x00p\x00e\x00r\x00i\x00m\x00e\x00n\x00t\x00\x7C\x00C\x00e\x00l\x00l\x00P\x00r\x00o\x00f\x00i\x00l\x00e\x00r\x00_\x00V\x00e\x00r\x00s\x00i\x00o\x00n\x00,\x00N\x00u\x00c\x00l\x00e\x00u\x00s\x00\x7C\x00L\x00o\x00c\x00a\x00t\x00i\x00o\x00n\x00_\x00C\x00e\x00n\x00t\x00e\x00r\x00_\x00Y\x00,\x00N\x00u\x00c\x00l\x00e\x00u\x00s\x00\x7C\x00L\x00o\x00c\x00a\x00t\x00i\x00o\x00n\x00_\x00C\x00e\x00n\x00t\x00e\x00r\x00_\x00X\x00,\x00N\x00u\x00c\x00l\x00e\x00u\x00s\x00\x7C\x00L\x00o\x00c\x00a\x00t\x00i\x00o\x00n\x00_\x00C\x00e\x00n\x00t\x00e\x00r\x00_\x00Z\x00,\x00N\x00u\x00c\x00l\x00e\x00u\x00s\x00\x7C\x00C\x00h\x00i\x00l\x00d\x00r\x00e\x00n\x00_\x00B\x00a\x00c\x00_\x00C\x00o\x00u\x00n\x00t\x00,\x00N\x00u\x00c\x00l\x00e\x00u\x00s\x00\x7C\x00C\x00h\x00i\x00l\x00d\x00r\x00e\x00n\x00_\x00S\x00h\x00r\x00i\x00n\x00k\x00_\x00b\x00a\x00c\x00_\x00C\x00o\x00u\x00n\x00t\x00,\x00N\x00u\x00c\x00l\x00e\x00u\x00s\x00\x7C\x00A\x00r\x00e\x00a\x00S\x00h\x00a\x00p\x00e\x00_\x00C\x00e\x00n\x00t\x00e\x00r\x00_\x00Y\x00,\x00N\x00u\x00c\x00l\x00e\x00u\x00s\x00\x7C\x00A\x00r\x00e\x00a\x00S\x00h\x00a\x00p\x00e\x00_\x00C\x00e\x00n\x00t\x00e\x00r\x00_\x00X\x00,\x00N\x00u\x00c\x00l\x00e\x00u\x00s\x00\x7C\x00A\x00r\x00e\x00a\x00S\x00h\x00a\x00p\x00e\x00_\x00C\x00e\x00n\x00t\x00e\x00r\x00_\x00Z\x00,\x00B\x00a\x00c\x00\x7C\x00D\x00i\x00s\x00t\x00a\x00n\x00c\x00e\x00_\x00M\x00i\x00n\x00i\x00m\x00u\x00m\x00_\x00C\x00e\x00l\x00l\x00,\x00B\x00a\x00c\x00\x7C\x00D\x00i\x00s\x00t\x00a\x00n\x00c\x00e\x00_\x00C\x00e\x00n\x00t\x00r\x00o\x00i\x00d\x00_\x00C\x00e\x00l\x00l\x00,\x00B\x00a\x00c\x00\x7C\x00P\x00a\x00r\x00e\x00n\x00t\x00_\x00C\x00e\x00l\x00l\x00,\x00B\x00a\x00c\x00\x7C\x00L\x00o\x00c\x00a\x00t\x00i\x00o\x00n\x00_\x00C\x00e\x00n\x00t\x00e\x00r\x00_\x00Y\x00,\x00B\x00a\x00c\x00\x7C\x00L\x00o\x00c\x00a\x00t\x00i\x00o\x00n\x00_\x00C\x00e\x00n\x00t\x00e\x00r\x00_\x00X\x00,\x00B\x00a\x00c\x00\x7C\x00L\x00o\x00c\x00a\x00t\x00i\x00o\x00n\x00_\x00C\x00e\x00n\x00t\x00e\x00r\x00_\x00Z\x00,\x00B\x00a\x00c\x00\x7C\x00A\x00r\x00e\x00a\x00S\x00h\x00a\x00p\x00e\x00_\x00C\x00e\x00n\x00t\x00e\x00r\x00_\x00Y\x00,\x00B\x00a\x00c\x00\x7C\x00A\x00r\x00e\x00a\x00S\x00h\x00a\x00p\x00e\x00_\x00C\x00e\x00n\x00t\x00e\x00r\x00_\x00X\x00,\x00B\x00a\x00c\x00\x7C\x00A\x00r\x00e\x00a\x00S\x00h\x00a\x00p\x00e\x00_\x00C\x00e\x00n\x00t\x00e\x00r\x00_\x00Z\x00,\x00B\x00a\x00c\x00\x7C\x00C\x00h\x00i\x00l\x00d\x00r\x00e\x00n\x00_\x00E\x00x\x00t\x00r\x00a\x00B\x00a\x00c\x00_\x00C\x00o\x00u\x00n\x00t\x00,\x00B\x00a\x00c\x00\x7C\x00C\x00h\x00i\x00l\x00d\x00r\x00e\x00n\x00_\x00I\x00n\x00t\x00r\x00a\x00B\x00a\x00c\x00_\x00C\x00o\x00u\x00n\x00t\x00
    Representation of Nan/Inf:\xff\xfeN\x00a\x00N\x00
    Add a prefix to file names?:\xff\xfeY\x00e\x00s\x00
    Filename prefix:\xff\xfeR\x00e\x00f\x00e\x00r\x00e\x00n\x00c\x00e\x00_\x00
    Overwrite existing files without warning?:\xff\xfeN\x00o\x00
    Data to export:\xff\xfeD\x00o\x00 \x00n\x00o\x00t\x00 \x00u\x00s\x00e\x00
    Combine these object measurements with those of the previous object?:\xff\xfeN\x00o\x00
    File name:\xff\xfeD\x00A\x00T\x00A\x00.\x00c\x00s\x00v\x00
    Use the object name for the file name?:\xff\xfeY\x00e\x00s\x00
"
Run_Timestamp,2021-09-12T02:27:22.966710
